<?xml version="1.0" encoding="UTF-8"?>
<rss version="2.0" xmlns:ror="http://rorweb.com/0.1/" >
<channel>
  <title>ROR Sitemap for https://rdsbca.pythonanywhere.com/</title>
  <link>https://rdsbca.pythonanywhere.com/</link>

<item>
     <link>https://rdsbca.pythonanywhere.com/</link>
     <title> Home - BCA RDS College, Muzaffarpur </title>
     <description>Home - BCA RDS College, Muzaffarpur</description>
     <ror:updatePeriod></ror:updatePeriod>
     <ror:sortOrder>0</ror:sortOrder>
     <ror:resourceOf>sitemap</ror:resourceOf>
</item>
<item>
     <link>https://rdsbca.pythonanywhere.com/studentsCorner</link>
     <title> Student's Corner - BCA RDS College, Muzaffarpur  </title>
     <description>Students Corner BCA RDS College Muzaffarpur</description>
     <ror:updatePeriod></ror:updatePeriod>
     <ror:sortOrder>1</ror:sortOrder>
     <ror:resourceOf>sitemap</ror:resourceOf>
</item>
<item>
     <link>https://rdsbca.pythonanywhere.com/studyMaterials</link>
     <title> Study Materials - BCA RDS College, Muzaffarpur  </title>
     <description>Study Materials For Students of BCA Department RDS College Muzaffarpur</description>
     <ror:updatePeriod></ror:updatePeriod>
     <ror:sortOrder>1</ror:sortOrder>
     <ror:resourceOf>sitemap</ror:resourceOf>
</item>
<item>
     <link>https://rdsbca.pythonanywhere.com/previousYearQuestions</link>
     <title> Previous Year Question - BCA RDS College, Muzaffarpur </title>
     <description>Previous Year Questions of BCA exam of BRABU</description>
     <ror:updatePeriod></ror:updatePeriod>
     <ror:sortOrder>1</ror:sortOrder>
     <ror:resourceOf>sitemap</ror:resourceOf>
</item>
<item>
     <link>https://rdsbca.pythonanywhere.com/result</link>
     <title> Results - BCA RDS College, Muzaffarpur </title>
     <description>BCA Result RDS College Muzaffarpur</description>
     <ror:updatePeriod></ror:updatePeriod>
     <ror:sortOrder>1</ror:sortOrder>
     <ror:resourceOf>sitemap</ror:resourceOf>
</item>
<item>
     <link>https://rdsbca.pythonanywhere.com/notice</link>
     <title> Notice - BCA RDS College, Muzaffarpur </title>
     <description>Notice BCA Department RDS College Muzaffarpur</description>
     <ror:updatePeriod></ror:updatePeriod>
     <ror:sortOrder>1</ror:sortOrder>
     <ror:resourceOf>sitemap</ror:resourceOf>
</item>
<item>
     <link>https://rdsbca.pythonanywhere.com/teachers</link>
     <title> Teachers - BCA RDS College, Muzaffarpur  </title>
     <description>Teacher of BCA Department of RDS College Muzaffarpur</description>
     <ror:updatePeriod></ror:updatePeriod>
     <ror:sortOrder>1</ror:sortOrder>
     <ror:resourceOf>sitemap</ror:resourceOf>
</item>
<item>
     <link>https://rdsbca.pythonanywhere.com/gallery</link>
     <title> Gallery - BCA RDS College, Muzaffarpur </title>
     <description>Pictures Gallery of BCA Department RDS College Muzaffarpur</description>
     <ror:updatePeriod></ror:updatePeriod>
     <ror:sortOrder>1</ror:sortOrder>
     <ror:resourceOf>sitemap</ror:resourceOf>
</item>
<item>
     <link>https://rdsbca.pythonanywhere.com/login</link>
     <title> Login - BCA RDS College, Muzaffarpur  </title>
     <description>Login BCA Department RDS College Muzaffarpur</description>
     <ror:updatePeriod></ror:updatePeriod>
     <ror:sortOrder>1</ror:sortOrder>
     <ror:resourceOf>sitemap</ror:resourceOf>
</item>
<item>
     <link>https://rdsbca.pythonanywhere.com/register</link>
     <title> Register - BCA RDS College, Muzaffarpur  </title>
     <description>Registration Page of BCA Department RDS College Muzaffarpur</description>
     <ror:updatePeriod></ror:updatePeriod>
     <ror:sortOrder>1</ror:sortOrder>
     <ror:resourceOf>sitemap</ror:resourceOf>
</item>
<item>
     <link>https://rdsbca.pythonanywhere.com/contact</link>
     <title> Contact - BCA RDS College, Muzaffarpur  </title>
     <description>Contact BCA Department RDS College Muzaffarpur</description>
     <ror:updatePeriod></ror:updatePeriod>
     <ror:sortOrder>1</ror:sortOrder>
     <ror:resourceOf>sitemap</ror:resourceOf>
</item>
<item>
     <link>https://rdsbca.pythonanywhere.com/about</link>
     <title> About - BCA RDS College, Muzaffarpur  </title>
     <description>About BCA Department of RDS College Muzaffarpur</description>
     <ror:updatePeriod></ror:updatePeriod>
     <ror:sortOrder>1</ror:sortOrder>
     <ror:resourceOf>sitemap</ror:resourceOf>
</item>
<item>
     <link>https://rdsbca.pythonanywhere.com/about-rds-college</link>
     <title> About RDS College - BCA RDS College, Muzaffarpur  </title>
     <description>About Ram Dayalu Singh College Muzaffarpur</description>
     <ror:updatePeriod></ror:updatePeriod>
     <ror:sortOrder>1</ror:sortOrder>
     <ror:resourceOf>sitemap</ror:resourceOf>
</item>
<item>
     <link>https://rdsbca.pythonanywhere.com/sources</link>
     <title> Sources - BCA RDS College, Muzaffarpur  </title>
     <description>Sources of contents of the app BCA RDS College Muzaffarpur</description>
     <ror:updatePeriod></ror:updatePeriod>
     <ror:sortOrder>1</ror:sortOrder>
     <ror:resourceOf>sitemap</ror:resourceOf>
</item>
<item>
     <link>https://rdsbca.pythonanywhere.com/credits</link>
     <title> Credits - BCA RDS College, Muzaffarpur  </title>
     <description>Credits - List of persons help in development of the web application</description>
     <ror:updatePeriod></ror:updatePeriod>
     <ror:sortOrder>1</ror:sortOrder>
     <ror:resourceOf>sitemap</ror:resourceOf>
</item>
</channel>
</rss>
  